{
  "warnings": [
    {
      "file": "/Users/sainaveenmallampati/Desktop/bashguardians/BasicLogTableViewController.swift",
      "line": 11,
      "symbol": "BasicLogTableViewController",
      "symbol_kind": "source.lang.swift.decl.class",
      "warning": "undocumented"
    },
    {
      "file": "/Users/sainaveenmallampati/Desktop/bashguardians/BasicUserSettingsViewController.swift",
      "line": 11,
      "symbol": "BasicUserSettingsViewController",
      "symbol_kind": "source.lang.swift.decl.class",
      "warning": "undocumented"
    },
    {
      "file": "/Users/sainaveenmallampati/Desktop/bashguardians/InfoViewController.swift",
      "line": 11,
      "symbol": "InfoViewController",
      "symbol_kind": "source.lang.swift.decl.class",
      "warning": "undocumented"
    },
    {
      "file": "/Users/sainaveenmallampati/Desktop/bashguardians/Partyguard_iOS/AcceptAlertViewController.swift",
      "line": 11,
      "symbol": "AcceptAlertViewController",
      "symbol_kind": "source.lang.swift.decl.class",
      "warning": "undocumented"
    },
    {
      "file": "/Users/sainaveenmallampati/Desktop/bashguardians/Partyguard_iOS/AlertTableViewController.swift",
      "line": 11,
      "symbol": "AlertTableViewController",
      "symbol_kind": "source.lang.swift.decl.class",
      "warning": "undocumented"
    },
    {
      "file": "/Users/sainaveenmallampati/Desktop/bashguardians/Partyguard_iOS/AppDelegate.swift",
      "line": 12,
      "symbol": "AppDelegate",
      "symbol_kind": "source.lang.swift.decl.class",
      "warning": "undocumented"
    },
    {
      "file": "/Users/sainaveenmallampati/Desktop/bashguardians/Partyguard_iOS/AppDelegate.swift",
      "line": 14,
      "symbol": "AppDelegate.window",
      "symbol_kind": "source.lang.swift.decl.var.instance",
      "warning": "undocumented"
    },
    {
      "file": "/Users/sainaveenmallampati/Desktop/bashguardians/Partyguard_iOS/AppDelegate.swift",
      "line": 15,
      "symbol": "AppDelegate.fraternitySelected",
      "symbol_kind": "source.lang.swift.decl.var.instance",
      "warning": "undocumented"
    },
    {
      "file": "/Users/sainaveenmallampati/Desktop/bashguardians/Partyguard_iOS/AppDelegate.swift",
      "line": 16,
      "symbol": "AppDelegate.issueSelected",
      "symbol_kind": "source.lang.swift.decl.var.instance",
      "warning": "undocumented"
    },
    {
      "file": "/Users/sainaveenmallampati/Desktop/bashguardians/Partyguard_iOS/AppDelegate.swift",
      "line": 17,
      "symbol": "AppDelegate.incidentSelected",
      "symbol_kind": "source.lang.swift.decl.var.instance",
      "warning": "undocumented"
    },
    {
      "file": "/Users/sainaveenmallampati/Desktop/bashguardians/Partyguard_iOS/AppDelegate.swift",
      "line": 18,
      "symbol": "AppDelegate.accessToken",
      "symbol_kind": "source.lang.swift.decl.var.instance",
      "warning": "undocumented"
    },
    {
      "file": "/Users/sainaveenmallampati/Desktop/bashguardians/Partyguard_iOS/AppDelegate.swift",
      "line": 19,
      "symbol": "AppDelegate.userType",
      "symbol_kind": "source.lang.swift.decl.var.instance",
      "warning": "undocumented"
    },
    {
      "file": "/Users/sainaveenmallampati/Desktop/bashguardians/Partyguard_iOS/AppDelegate.swift",
      "line": 22,
      "symbol": "AppDelegate.application(_:didFinishLaunchingWithOptions:)",
      "symbol_kind": "source.lang.swift.decl.function.method.instance",
      "warning": "undocumented"
    },
    {
      "file": "/Users/sainaveenmallampati/Desktop/bashguardians/Partyguard_iOS/AppDelegate.swift",
      "line": 30,
      "symbol": "AppDelegate.applicationWillResignActive(_:)",
      "symbol_kind": "source.lang.swift.decl.function.method.instance",
      "warning": "undocumented"
    },
    {
      "file": "/Users/sainaveenmallampati/Desktop/bashguardians/Partyguard_iOS/AppDelegate.swift",
      "line": 35,
      "symbol": "AppDelegate.applicationDidEnterBackground(_:)",
      "symbol_kind": "source.lang.swift.decl.function.method.instance",
      "warning": "undocumented"
    },
    {
      "file": "/Users/sainaveenmallampati/Desktop/bashguardians/Partyguard_iOS/AppDelegate.swift",
      "line": 40,
      "symbol": "AppDelegate.applicationWillEnterForeground(_:)",
      "symbol_kind": "source.lang.swift.decl.function.method.instance",
      "warning": "undocumented"
    },
    {
      "file": "/Users/sainaveenmallampati/Desktop/bashguardians/Partyguard_iOS/AppDelegate.swift",
      "line": 44,
      "symbol": "AppDelegate.applicationDidBecomeActive(_:)",
      "symbol_kind": "source.lang.swift.decl.function.method.instance",
      "warning": "undocumented"
    },
    {
      "file": "/Users/sainaveenmallampati/Desktop/bashguardians/Partyguard_iOS/AppDelegate.swift",
      "line": 48,
      "symbol": "AppDelegate.applicationWillTerminate(_:)",
      "symbol_kind": "source.lang.swift.decl.function.method.instance",
      "warning": "undocumented"
    },
    {
      "file": "/Users/sainaveenmallampati/Desktop/bashguardians/Partyguard_iOS/AppInfoViewController.swift",
      "line": 11,
      "symbol": "AppInfoViewController",
      "symbol_kind": "source.lang.swift.decl.class",
      "warning": "undocumented"
    },
    {
      "file": "/Users/sainaveenmallampati/Desktop/bashguardians/Partyguard_iOS/BasicLoginViewController.swift",
      "line": 11,
      "symbol": "BasicLoginViewController",
      "symbol_kind": "source.lang.swift.decl.class",
      "warning": "undocumented"
    },
    {
      "file": "/Users/sainaveenmallampati/Desktop/bashguardians/Partyguard_iOS/BasicRegisterViewController.swift",
      "line": 11,
      "symbol": "BasicRegisterViewController",
      "symbol_kind": "source.lang.swift.decl.class",
      "warning": "undocumented"
    },
    {
      "file": "/Users/sainaveenmallampati/Desktop/bashguardians/Partyguard_iOS/BasicRegisterViewController.swift",
      "line": 42,
      "symbol": "BasicRegisterViewController.imagePicker",
      "symbol_kind": "source.lang.swift.decl.var.instance",
      "warning": "undocumented"
    },
    {
      "file": "/Users/sainaveenmallampati/Desktop/bashguardians/Partyguard_iOS/BasicUserLocationChangeViewController.swift",
      "line": 11,
      "symbol": "BasicUserLocationChangeViewController",
      "symbol_kind": "source.lang.swift.decl.class",
      "warning": "undocumented"
    },
    {
      "file": "/Users/sainaveenmallampati/Desktop/bashguardians/Partyguard_iOS/BasicUserProfileViewController.swift",
      "line": 11,
      "symbol": "BasicUserProfileViewController",
      "symbol_kind": "source.lang.swift.decl.class",
      "warning": "undocumented"
    },
    {
      "file": "/Users/sainaveenmallampati/Desktop/bashguardians/Partyguard_iOS/ClaimAlertViewController.swift",
      "line": 11,
      "symbol": "ClaimAlertViewController",
      "symbol_kind": "source.lang.swift.decl.class",
      "warning": "undocumented"
    },
    {
      "file": "/Users/sainaveenmallampati/Desktop/bashguardians/Partyguard_iOS/ClaimAlertViewController.swift",
      "line": 13,
      "symbol": "ClaimAlertViewController.guardUserClaimed",
      "symbol_kind": "source.lang.swift.decl.var.instance",
      "warning": "undocumented"
    },
    {
      "file": "/Users/sainaveenmallampati/Desktop/bashguardians/Partyguard_iOS/ForgotPasswordViewController.swift",
      "line": 11,
      "symbol": "ForgotPasswordViewController",
      "symbol_kind": "source.lang.swift.decl.class",
      "warning": "undocumented"
    },
    {
      "file": "/Users/sainaveenmallampati/Desktop/bashguardians/Partyguard_iOS/FraternityTableViewController.swift",
      "line": 13,
      "symbol": "FraternityTableViewController",
      "symbol_kind": "source.lang.swift.decl.class",
      "warning": "undocumented"
    },
    {
      "file": "/Users/sainaveenmallampati/Desktop/bashguardians/Partyguard_iOS/FraternityTableViewController.swift",
      "line": 175,
      "symbol": "FraternityTableViewController.tableView(_:canEditRowAtIndexPath:)",
      "symbol_kind": "source.lang.swift.decl.function.method.instance",
      "warning": "undocumented"
    },
    {
      "file": "/Users/sainaveenmallampati/Desktop/bashguardians/Partyguard_iOS/GuardAlertTableViewController.swift",
      "line": 11,
      "symbol": "GuardAlertTableViewController",
      "symbol_kind": "source.lang.swift.decl.class",
      "warning": "undocumented"
    },
    {
      "file": "/Users/sainaveenmallampati/Desktop/bashguardians/Partyguard_iOS/GuardCell.swift",
      "line": 11,
      "symbol": "GuardCell",
      "symbol_kind": "source.lang.swift.decl.class",
      "warning": "undocumented"
    },
    {
      "file": "/Users/sainaveenmallampati/Desktop/bashguardians/Partyguard_iOS/GuardCell.swift",
      "line": 17,
      "symbol": "GuardCell.onlineSymbol",
      "symbol_kind": "source.lang.swift.decl.var.instance",
      "warning": "undocumented"
    },
    {
      "file": "/Users/sainaveenmallampati/Desktop/bashguardians/Partyguard_iOS/GuardHistoryTableViewController.swift",
      "line": 11,
      "symbol": "GuardHistoryTableViewController",
      "symbol_kind": "source.lang.swift.decl.class",
      "warning": "undocumented"
    },
    {
      "file": "/Users/sainaveenmallampati/Desktop/bashguardians/Partyguard_iOS/GuardIssueClaimViewController.swift",
      "line": 11,
      "symbol": "GuardIssueClaimViewController",
      "symbol_kind": "source.lang.swift.decl.class",
      "warning": "undocumented"
    },
    {
      "file": "/Users/sainaveenmallampati/Desktop/bashguardians/Partyguard_iOS/GuardLoginViewController.swift",
      "line": 11,
      "symbol": "GuardLoginViewController",
      "symbol_kind": "source.lang.swift.decl.class",
      "warning": "undocumented"
    },
    {
      "file": "/Users/sainaveenmallampati/Desktop/bashguardians/Partyguard_iOS/GuardProfileViewController.swift",
      "line": 11,
      "symbol": "GuardProfileViewController",
      "symbol_kind": "source.lang.swift.decl.class",
      "warning": "undocumented"
    },
    {
      "file": "/Users/sainaveenmallampati/Desktop/bashguardians/Partyguard_iOS/GuardRegisterViewController.swift",
      "line": 11,
      "symbol": "GuardRegisterViewController",
      "symbol_kind": "source.lang.swift.decl.class",
      "warning": "undocumented"
    },
    {
      "file": "/Users/sainaveenmallampati/Desktop/bashguardians/Partyguard_iOS/GuardRegisterViewController.swift",
      "line": 38,
      "symbol": "GuardRegisterViewController.imagePicker",
      "symbol_kind": "source.lang.swift.decl.var.instance",
      "warning": "undocumented"
    },
    {
      "file": "/Users/sainaveenmallampati/Desktop/bashguardians/Partyguard_iOS/GuardTabViewController.swift",
      "line": 11,
      "symbol": "GuardTabViewController",
      "symbol_kind": "source.lang.swift.decl.class",
      "warning": "undocumented"
    },
    {
      "file": "/Users/sainaveenmallampati/Desktop/bashguardians/Partyguard_iOS/HistoryTableTableViewController.swift",
      "line": 11,
      "symbol": "HistoryTableTableViewController",
      "symbol_kind": "source.lang.swift.decl.class",
      "warning": "undocumented"
    },
    {
      "file": "/Users/sainaveenmallampati/Desktop/bashguardians/Partyguard_iOS/HostLoginViewController.swift",
      "line": 11,
      "symbol": "HostLoginViewController",
      "symbol_kind": "source.lang.swift.decl.class",
      "warning": "undocumented"
    },
    {
      "file": "/Users/sainaveenmallampati/Desktop/bashguardians/Partyguard_iOS/HostTabViewController.swift",
      "line": 11,
      "symbol": "HostTabViewController",
      "symbol_kind": "source.lang.swift.decl.class",
      "warning": "undocumented"
    },
    {
      "file": "/Users/sainaveenmallampati/Desktop/bashguardians/Partyguard_iOS/HostTabViewController.swift",
      "line": 25,
      "symbol": "HostTabViewController.viewWillAppear(_:)",
      "symbol_kind": "source.lang.swift.decl.function.method.instance",
      "warning": "undocumented"
    },
    {
      "file": "/Users/sainaveenmallampati/Desktop/bashguardians/Partyguard_iOS/IncidentLocationTableViewController.swift",
      "line": 11,
      "symbol": "IncidentLocationTableViewController",
      "symbol_kind": "source.lang.swift.decl.class",
      "warning": "undocumented"
    },
    {
      "file": "/Users/sainaveenmallampati/Desktop/bashguardians/Partyguard_iOS/IncidentLocationTableViewController.swift",
      "line": 101,
      "symbol": "IncidentLocationTableViewController.tableView(_:didSelectRowAtIndexPath:)",
      "symbol_kind": "source.lang.swift.decl.function.method.instance",
      "warning": "undocumented"
    },
    {
      "file": "/Users/sainaveenmallampati/Desktop/bashguardians/Partyguard_iOS/IssueTableViewController.swift",
      "line": 11,
      "symbol": "IssueTableViewController",
      "symbol_kind": "source.lang.swift.decl.class",
      "warning": "undocumented"
    },
    {
      "file": "/Users/sainaveenmallampati/Desktop/bashguardians/Partyguard_iOS/IssueTableViewController.swift",
      "line": 13,
      "symbol": "IssueTableViewController.Issues",
      "symbol_kind": "source.lang.swift.decl.var.instance",
      "warning": "undocumented"
    },
    {
      "file": "/Users/sainaveenmallampati/Desktop/bashguardians/Partyguard_iOS/MenuViewController.swift",
      "line": 11,
      "symbol": "MenuViewController",
      "symbol_kind": "source.lang.swift.decl.class",
      "warning": "undocumented"
    },
    {
      "file": "/Users/sainaveenmallampati/Desktop/bashguardians/Partyguard_iOS/MyCollectionViewCell.swift",
      "line": 11,
      "symbol": "MyCollectionViewCell",
      "symbol_kind": "source.lang.swift.decl.class",
      "warning": "undocumented"
    },
    {
      "file": "/Users/sainaveenmallampati/Desktop/bashguardians/Partyguard_iOS/PGTeamCollectionViewController.swift",
      "line": 13,
      "symbol": "PGTeamCollectionViewController",
      "symbol_kind": "source.lang.swift.decl.class",
      "warning": "undocumented"
    },
    {
      "file": "/Users/sainaveenmallampati/Desktop/bashguardians/Partyguard_iOS/PGTeamViewController.swift",
      "line": 11,
      "symbol": "PGTeamViewController",
      "symbol_kind": "source.lang.swift.decl.class",
      "warning": "undocumented"
    },
    {
      "file": "/Users/sainaveenmallampati/Desktop/bashguardians/Partyguard_iOS/PGTeamViewController.swift",
      "line": 16,
      "symbol": "PGTeamViewController.collectionView(_:numberOfItemsInSection:)",
      "symbol_kind": "source.lang.swift.decl.function.method.instance",
      "warning": "undocumented"
    },
    {
      "file": "/Users/sainaveenmallampati/Desktop/bashguardians/Partyguard_iOS/PGTeamViewController.swift",
      "line": 20,
      "symbol": "PGTeamViewController.collectionView(_:cellForItemAtIndexPath:)",
      "symbol_kind": "source.lang.swift.decl.function.method.instance",
      "warning": "undocumented"
    },
    {
      "file": "/Users/sainaveenmallampati/Desktop/bashguardians/Partyguard_iOS/ProfileTableViewCell.swift",
      "line": 11,
      "symbol": "ProfileTableViewCell",
      "symbol_kind": "source.lang.swift.decl.class",
      "warning": "undocumented"
    },
    {
      "file": "/Users/sainaveenmallampati/Desktop/bashguardians/Partyguard_iOS/ProfileTableViewCell.swift",
      "line": 14,
      "symbol": "ProfileTableViewCell.profileImageView",
      "symbol_kind": "source.lang.swift.decl.var.instance",
      "warning": "undocumented"
    },
    {
      "file": "/Users/sainaveenmallampati/Desktop/bashguardians/Partyguard_iOS/ProfileTableViewCell.swift",
      "line": 16,
      "symbol": "ProfileTableViewCell.awakeFromNib()",
      "symbol_kind": "source.lang.swift.decl.function.method.instance",
      "warning": "undocumented"
    },
    {
      "file": "/Users/sainaveenmallampati/Desktop/bashguardians/Partyguard_iOS/ProfileTableViewCell.swift",
      "line": 21,
      "symbol": "ProfileTableViewCell.setSelected(_:animated:)",
      "symbol_kind": "source.lang.swift.decl.function.method.instance",
      "warning": "undocumented"
    },
    {
      "file": "/Users/sainaveenmallampati/Desktop/bashguardians/Partyguard_iOS/ResolutionAlertViewController.swift",
      "line": 11,
      "symbol": "ResolutionAlertViewController",
      "symbol_kind": "source.lang.swift.decl.class",
      "warning": "undocumented"
    },
    {
      "file": "/Users/sainaveenmallampati/Desktop/bashguardians/Partyguard_iOS/ResolutionAlertViewController.swift",
      "line": 14,
      "symbol": "ResolutionAlertViewController.guardUserResolved",
      "symbol_kind": "source.lang.swift.decl.var.instance",
      "warning": "undocumented"
    }
  ],
  "source_directory": "/Users/sainaveenmallampati/Desktop/bashguardians"
}